Date,Price,Open,High,Low,Vol.,Change %
10/30/23,349.02,347.65,350.36,346.27,55.30M,1.13%
10/31/23,350.69,349.05,351.07,346.44,47.67M,0.48%
11/1/23,356.77,351.54,357.34,351.44,58.99M,1.74%
11/2/23,363.25,361.35,363.49,360.11,58.16M,1.82%
11/3/23,367.52,364.56,368.83,364.33,53.28M,1.17%
11/6/23,369.02,368.3,369.59,366.72,38.85M,0.41%
11/7/23,372.5,370.08,373.38,368.85,50.78M,0.95%
11/8/23,372.74,372.88,373.59,370.43,35.66M,0.06%
11/9/23,369.88,373.44,374.6,369.38,53.86M,-0.77%
11/10/23,378.19,371.62,378.34,371.09,58.37M,2.25%
11/13/23,377.01,376.59,378.08,375.04,40.73M,-0.31%
11/14/23,385.13,383.51,386.06,382.98,67.79M,2.15%
11/15/23,385.42,387.05,387.55,384.03,54.14M,0.08%
11/16/23,385.75,384.64,385.99,383.36,45.34M,0.09%
11/17/23,385.84,385.01,386.87,384.09,46.62M,0.02%
11/20/23,390.53,385.85,391.2,385.85,44.54M,1.22%
11/21/23,388.27,388.81,389.03,386.5,43.34M,-0.58%
11/22/23,389.86,390.36,392.86,388.84,44.18M,0.41%
11/24/23,389.31,389.45,390.05,388.3,15.72M,-0.14%
11/27/23,388.97,388.81,390.94,388.08,34.14M,-0.09%
11/28/23,389.99,388.21,390.57,387.85,35.49M,0.26%
11/29/23,389.61,392.48,393.93,389.26,38.81M,-0.10%
11/30/23,388.63,389.88,390.35,385.62,52.83M,-0.25%
12/1/23,389.74,387.55,390.33,385.87,40.49M,0.29%
12/4/23,386.12,385.89,386.39,382.46,51.19M,-0.93%
12/5/23,387.09,384.19,388.3,384.01,42.93M,0.25%
12/6/23,384.85,390.07,390.17,384.5,41.99M,-0.58%
12/7/23,390.23,387.87,391.06,386.76,49.59M,1.40%
12/8/23,391.96,388.47,392.41,388.28,46.69M,0.45%
12/11/23,395.31,391.53,395.58,391.32,41.20M,0.85%
12/12/23,398.46,395.35,398.58,394.2,39.22M,0.80%
12/13/23,403.53,399.41,404.15,398.63,55.41M,1.27%
12/14/23,403.18,404.77,406.09,400.13,55.45M,-0.09%
12/15/23,405.13,403.97,406.33,403.36,62.90M,0.48%
12/18/23,406.87,404.72,407.78,404.39,46.61M,0.43%
12/19/23,408.95,407.33,409.07,407.13,35.71M,0.51%
12/20/23,402.87,408.14,410.25,402.69,54.04M,-1.49%
12/21/23,407.56,406.85,407.93,404.26,45.57M,1.16%
12/22/23,408.17,408.79,409.75,406.27,34.31M,0.15%
12/26/23,410.66,409.04,411.34,408.94,22.72M,0.61%
12/27/23,411.5,410.95,411.79,410.08,31.98M,0.20%
12/28/23,411.3,412.67,412.92,410.94,27.03M,-0.05%
12/29/23,409.52,411.28,411.64,407.58,42.66M,-0.43%
1/2/24,402.59,405.84,406.09,400.24,58.03M,-1.69%
1/3/24,398.33,399.93,401,397.89,47.00M,-1.06%
1/4/24,396.28,396.44,399.59,396.06,39.43M,-0.51%
1/5/24,396.75,396.45,399.56,395.34,44.92M,0.12%
1/8/24,404.95,397.99,405.24,397.84,42.47M,2.07%
1/9/24,405.75,401.91,406.69,401.71,39.13M,0.20%
1/10/24,408.5,406.07,409.52,405.17,33.96M,0.68%
1/11/24,409.35,409.79,411.2,404.24,54.54M,0.21%
1/12/24,409.56,410.4,411.25,408.15,39.59M,0.05%
1/16/24,409.52,408.31,411.12,406.83,43.90M,-0.01%
1/17/24,407.21,406.17,407.58,402.92,54.39M,-0.56%
1/18/24,412.99,410.52,413.58,409.16,59.56M,1.42%
1/19/24,421.18,415.22,421.34,414.63,70.33M,1.98%
1/22/24,421.73,423.41,424.73,421.12,44.88M,0.13%
1/23/24,423.48,422.43,423.7,420.57,33.00M,0.41%
1/24/24,425.83,427.44,429.85,425.33,46.95M,0.55%
1/25/24,426.35,428.36,429.04,423.98,44.37M,0.12%
1/26/24,423.81,424.44,426.21,423.15,37.14M,-0.60%
1/29/24,428.15,424.27,428.35,423.61,38.69M,1.02%
1/30/24,425.3,427.1,427.68,424.38,36.74M,-0.67%
1/31/24,416.97,420.85,422.87,416.79,64.01M,-1.96%
2/1/24,421.88,418.79,422.38,417.81,51.01M,1.18%
2/2/24,429.01,423.8,430.24,422.79,59.60M,1.69%
2/5/24,428.45,429.07,429.61,425,39.89M,-0.13%
2/6/24,427.59,429.61,430.22,425.22,35.85M,-0.20%
2/7/24,431.99,430.41,432.83,429.09,37.71M,1.03%
2/8/24,432.79,432.11,433.56,431.42,29.89M,0.19%
2/9/24,437.05,433.94,437.85,433.14,36.94M,0.98%
2/12/24,435.34,436.94,439.14,434.65,33.20M,-0.39%
2/13/24,428.55,427.28,431.27,425.33,64.49M,-1.56%
2/14/24,433.22,431.26,433.65,428.88,45.09M,1.09%
2/15/24,434.51,433.92,434.98,431.33,38.80M,0.30%
2/16/24,430.57,434.89,434.99,429.85,53.72M,-0.91%
2/20/24,427.32,428.55,430.08,423.5,54.00M,-0.75%
2/21/24,425.61,424.55,425.7,421.63,50.18M,-0.40%
2/22/24,438.07,434.49,439.12,433.71,53.89M,2.93%
2/23/24,436.78,439.65,440.59,435.79,39.85M,-0.29%
2/26/24,436.55,437.6,438.6,436.36,33.04M,-0.05%
2/27/24,437.6,437.67,437.99,435.02,33.71M,0.24%
2/28/24,435.27,435.43,436.67,434.3,32.94M,-0.53%
2/29/24,439,438.23,440.09,435.02,42.50M,0.86%
3/1/24,445.61,439.9,446.58,439.84,43.85M,1.51%
3/4/24,444.02,445.61,446.04,443.77,34.33M,-0.36%
3/5/24,436.05,440.94,440.95,433.65,57.92M,-1.79%
3/6/24,438.79,440.32,441.99,436.89,46.23M,0.63%
3/7/24,445.45,442.42,446.72,440.86,44.53M,1.52%
3/8/24,439.02,445.81,448.64,438.34,72.10M,-1.44%
3/11/24,437.39,437.51,438.66,435.44,45.86M,-0.37%
3/12/24,443.66,439.73,444.02,436.46,55.30M,1.43%
3/13/24,440.25,442.65,442.67,439.12,37.93M,-0.77%
3/14/24,439.14,441.5,442.03,436.39,52.20M,-0.25%
3/15/24,433.92,436.07,438.87,432.74,73.07M,-1.19%
3/18/24,437.48,438.73,441.04,437.24,47.32M,0.82%
3/19/24,438.57,435.45,438.98,433.33,43.00M,0.25%
3/20/24,443.77,439.78,444.11,438.06,43.65M,1.19%
3/21/24,445.87,448.88,449.34,445.67,39.35M,0.47%
3/22/24,446.38,445.35,447.49,444.49,28.25M,0.11%
3/25/24,444.76,443.55,446.26,442.54,27.79M,-0.36%
3/26/24,443.32,446.3,447.23,443.09,34.14M,-0.32%
3/27/24,444.83,446.44,446.54,441.93,41.36M,0.34%
3/28/24,444.01,444.78,445.64,443.65,36.84M,-0.18%
4/1/24,444.95,444.97,447.53,443.02,38.73M,0.21%
4/2/24,441.11,440.08,441.43,438.03,44.26M,-0.86%
4/3/24,442.1,438.96,444,438.95,39.95M,0.22%
4/4/24,435.34,446.33,446.95,435.11,57.27M,-1.53%
4/5/24,440.47,436.78,443.17,435.96,54.74M,1.18%
4/8/24,440.6,441.41,442.5,439.2,28.14M,0.03%
4/9/24,442.23,442.96,443.24,437.44,39.52M,0.37%
4/10/24,438.37,437,439.24,436.28,61.50M,-0.87%
4/11/24,445.37,440.26,446.33,437.96,45.47M,1.60%
4/12/24,438.27,441.1,442.24,436.88,53.66M,-1.59%
4/15/24,431.06,442.06,442.15,430.21,63.45M,-1.65%
4/16/24,431.1,430.9,433.76,429.7,47.62M,0.01%
4/17/24,425.84,433.1,433.12,424.9,56.88M,-1.22%
4/18/24,423.41,426.49,428.24,422.83,46.55M,-0.57%
4/19/24,414.65,422.22,422.75,413.07,75.23M,-2.07%
4/22/24,418.82,417.31,421.18,413.94,47.81M,1.01%
4/23/24,425.07,420.77,426.28,418.87,44.38M,1.49%
4/24/24,426.51,428.2,429.73,424.2,48.44M,0.34%
4/25/24,424.45,419.24,425.32,418.14,57.39M,-0.48%
4/26/24,431,427.62,432.55,426.92,41.87M,1.54%
4/29/24,432.75,433.13,433.76,429.98,30.02M,0.41%
4/30/24,424.59,431.15,432.56,424.51,43.67M,-1.89%
5/1/24,421.52,423.15,430.14,420.66,52.25M,-0.72%
5/2/24,426.9,425.3,427.81,420.63,36.56M,1.28%
5/3/24,435.48,434.44,436.48,432.62,48.52M,2.01%
5/6/24,440.25,437.3,440.34,436.52,30.23M,1.10%
5/7/24,440.32,440.7,441.97,439.58,31.00M,0.02%
5/8/24,440.06,437.67,441.48,437.55,24.90M,-0.06%
5/9/24,441.02,440.33,441.6,438.46,24.58M,0.22%
5/10/24,442.06,442.54,444.31,440.5,27.12M,0.24%
5/13/24,443.08,443.99,444.09,441.65,22.99M,0.23%
5/14/24,445.93,442.65,446.46,442.46,34.48M,0.64%
5/15/24,452.9,448.43,453.15,446.9,41.46M,1.56%
5/16/24,451.98,452.71,454.69,451.81,34.78M,-0.20%
5/17/24,451.76,452.11,452.72,449.54,35.80M,-0.05%
5/20/24,454.91,451.98,455.58,451.79,24.47M,0.70%
5/21/24,455.8,453.04,455.99,452.84,23.17M,0.20%
5/22/24,455.71,456.06,456.82,453.08,25.12M,-0.02%
5/23/24,453.66,460.55,460.58,451.85,40.90M,-0.45%
5/24/24,457.95,455.29,459.23,453.57,29.67M,0.95%
5/28/24,459.68,459.18,459.74,456.69,26.22M,0.38%
5/29/24,456.44,455.48,458.24,455.34,29.74M,-0.70%
5/30/24,451.55,455.5,455.64,450.21,30.71M,-1.07%
5/31/24,450.71,451.78,452.48,443.05,55.94M,-0.19%
6/3/24,453.13,454.57,455.58,447.9,33.00M,0.54%
6/4/24,454.37,452.87,455.58,451.13,23.77M,0.27%
6/5/24,463.53,457.98,463.61,454.41,33.82M,2.02%
6/6/24,463.37,464.22,464.54,462.19,21.97M,-0.03%
6/7/24,462.96,463,465.74,461.84,25.83M,-0.09%
6/10/24,464.83,461.82,465.19,461.53,20.72M,0.40%
6/11/24,468.02,463.54,468.14,462.03,22.05M,0.69%
6/12/24,474.15,471.99,476.5,471.29,34.53M,1.31%
6/13/24,476.72,477.72,478.39,474.42,25.86M,0.54%
6/14/24,479.19,476.52,479.26,476.05,23.37M,0.52%
6/17/24,485.06,479.46,486.86,478.14,37.05M,1.22%
6/18/24,485.21,485.01,485.9,483.43,24.44M,0.03%
6/20/24,481.47,486.42,486.84,479.62,33.92M,-0.77%
6/21/24,480.18,481.19,482.54,478.67,39.43M,-0.27%
6/24/24,473.96,478.18,479.93,473.82,37.75M,-1.30%
6/25/24,479.38,476.07,479.68,475.12,29.25M,1.14%
6/26/24,480.37,478.55,480.92,478.13,22.74M,0.21%
6/27/24,481.61,480.12,483.1,479.3,26.22M,0.26%
6/28/24,479.11,482.41,487.2,478.46,34.88M,-0.52%
7/1/24,481.92,480.04,482.49,476.26,24.90M,0.59%
7/2/24,486.98,480.41,487.04,480.28,26.72M,1.05%
7/3/24,491.04,486.22,491.17,486.22,18.06M,0.83%
7/5/24,496.16,491.89,496.6,491.59,28.50M,1.04%
7/8/24,497.34,496.53,497.89,495.5,22.11M,0.24%
7/9/24,497.77,498.87,500,496.24,25.70M,0.09%
7/10/24,502.96,499.71,503.52,498.39,28.05M,1.04%
7/11/24,491.93,503.07,503.28,490.73,49.97M,-2.19%
7/12/24,494.82,492.51,499.62,492.04,37.11M,0.59%
7/15/24,496.15,496.61,501.01,494.09,31.15M,0.27%
7/16/24,496.34,497.62,498.44,493.15,25.95M,0.04%
7/17/24,481.77,488.28,488.8,481.7,56.27M,-2.94%
7/18/24,479.49,485.53,485.71,476.27,49.35M,-0.47%
7/19/24,475.24,479.15,481.69,473.94,42.04M,-0.89%
7/22/24,482.32,481.16,483.35,477.71,40.30M,1.49%
7/23/24,480.62,481.41,484.43,480.14,23.28M,-0.35%
7/24/24,463.38,473.82,474.19,462.51,58.82M,-3.59%
7/25/24,458.27,463.72,467.94,455.63,59.26M,-1.10%
7/26/24,462.97,462.65,465.93,459.77,39.99M,1.03%
7/29/24,463.9,465.71,467.91,461.61,28.22M,0.20%
7/30/24,457.53,465.85,466.56,454.15,41.32M,-1.37%
7/31/24,471.07,467.87,472.79,466.41,44.55M,2.96%
8/1/24,459.66,471.76,475.55,455.98,56.65M,-2.42%
8/2/24,448.75,450.89,453.57,444.47,66.32M,-2.37%
8/5/24,435.37,424.71,442.29,423.45,87.48M,-2.98%
8/6/24,439.53,437.23,447.07,434.56,63.16M,0.96%
8/7/24,434.77,446.49,449,434.37,54.93M,-1.08%
8/8/24,448.07,441.06,448.99,437.15,47.89M,3.06%
8/9/24,450.41,446.74,452.06,445.61,33.57M,0.52%
8/12/24,451.38,451.39,454.37,448.55,27.80M,0.22%
8/13/24,462.58,455.82,462.85,455.68,40.08M,2.48%
8/14/24,462.73,463.51,465.11,458.4,34.73M,0.03%
8/15/24,474.42,468.76,474.82,468.38,38.28M,2.53%
8/16/24,475.03,472.62,476.41,471.65,38.38M,0.13%
8/19/24,481.27,475.17,481.31,473.37,23.74M,1.31%
8/20/24,480.26,480.35,482.94,478.55,29.21M,-0.21%
8/21/24,482.5,481.05,484.37,479.32,25.66M,0.47%
8/22/24,474.85,484.84,485.54,473.81,37.74M,-1.59%
8/23/24,480,479.24,482.74,475.28,36.06M,1.08%
8/26/24,475.34,479.45,480.38,473.24,27.45M,-0.97%
8/27/24,476.76,473.69,477.84,471.71,27.51M,0.30%
8/28/24,471.35,476.29,477.02,467.89,37.37M,-1.13%
8/29/24,470.66,473.28,477.93,469.37,41.08M,-0.15%
8/30/24,476.27,475.04,476.9,470.51,33.47M,1.19%
9/3/24,461.81,473.2,473.33,459.41,44.99M,-3.04%
9/4/24,460.61,458.67,464.45,457.73,32.51M,-0.26%
9/5/24,461.04,458.97,465.36,457.94,34.45M,0.09%
9/6/24,448.69,460.33,461.22,448.19,50.62M,-2.68%
9/9/24,454.46,453.06,455.46,449.82,32.98M,1.29%
9/10/24,458.66,456.24,459.17,452.23,29.68M,0.92%
9/11/24,468.62,459.91,469.37,451.28,57.84M,2.17%
9/12/24,473.22,468.65,474.04,466.85,40.18M,0.98%
9/13/24,475.34,472.48,476.53,472.25,29.11M,0.45%
9/16/24,473.24,473.19,473.86,469.89,22.59M,-0.44%
9/17/24,473.49,476.29,477.6,470.97,30.08M,0.05%
9/18/24,471.44,474.7,478.83,470.83,39.91M,-0.43%
9/19/24,483.36,482.61,486.23,480.49,52.78M,2.53%
9/20/24,482.44,482.49,483.69,478.3,34.58M,-0.19%
9/23/24,483.04,482.95,484.14,481.6,24.84M,0.12%
9/24/24,485.37,484.46,486.33,480.17,25.95M,0.48%
9/25/24,485.82,484.74,487.79,484.56,26.55M,0.09%
9/26/24,489.47,493.37,493.7,485.8,32.02M,0.75%
9/27/24,486.75,490.5,490.64,485.56,22.85M,-0.56%
9/30/24,488.07,485.78,488.41,482.92,30.33M,0.27%
10/1/24,481.27,487.7,488,477.4,42.74M,-1.39%
10/2/24,481.95,480.36,483.88,477.72,23.74M,0.14%
10/3/24,481.59,479.74,484.55,478.99,25.34M,-0.07%
10/4/24,487.32,487.45,487.88,482.39,30.74M,1.19%
10/7/24,482.1,485.39,486.57,480.87,24.98M,-1.07%
10/8/24,489.3,484.66,489.99,483.85,28.27M,1.49%
10/9/24,493.15,489,493.73,487.95,24.99M,0.79%
10/10/24,492.59,490.85,494.47,489.53,25.75M,-0.11%
10/11/24,493.36,490.74,494.39,490.17,20.64M,0.16%
10/14/24,497.5,495.77,498.83,495.26,26.06M,0.84%
10/15/24,490.85,497.83,498.5,488.68,34.78M,-1.34%
10/16/24,490.91,491.18,491.69,487.57,23.00M,0.01%
10/17/24,491.25,496.44,496.49,491.19,27.21M,0.07%
10/18/24,494.47,494.06,495.57,493.3,25.34M,0.66%
10/21/24,495.42,493.25,496.23,491.31,30.34M,0.19%
10/22/24,495.96,492.73,497.45,491.97,26.69M,0.11%
10/23/24,488.36,493.59,494.25,485.05,39.35M,-1.53%
10/24/24,492.32,492.11,493,489.44,22.02M,0.81%
10/25/24,495.32,495.14,500.28,494.43,38.76M,0.61%
10/28/24,496.68,498.38,498.5,496.19,7.53M,0.27%